{"1": [1742881287.66128, 7], "2": [1742881287.9865584, 7], "3": [1742881288.2381504, 7], "4": [1742881288.5502703, 7], "5": [1742881288.844923, 7], "6": [1742881289.5900908, 7], "7": [1742881289.8603482, 7], "8": [1742881290.139241, 7], "9": [1742881290.390015, 7], "10": [1742881291.198022, 5]}