{"1": [1743492559.484408, 3], "2": [1743492559.886422, 3], "3": [1743492560.5865252, 3], "4": [1743492561.5951462, 3], "5": [1743492561.8028615, 3], "6": [1743492562.010564, 3], "7": [1743492562.223061, 3], "8": [1743492562.4336834, 3], "9": [1743492562.6634865, 3], "10": [1743492562.8887334, 3]}