{"1": [1743485353.938281, 1], "2": [1743485354.4112756, 1], "3": [1743485354.6683593, 1], "4": [1743485354.905181, 1], "5": [1743485355.1232822, 1], "6": [1743485355.767685, 1], "7": [1743485356.0056968, 1], "8": [1743485356.2224743, 1], "9": [1743485356.4389415, 1], "10": [1743485356.658439, 1]}