{"1": [1743557097.5168738, 4], "2": [1743557097.8808873, 4], "3": [1743557098.5946176, 4], "4": [1743557098.9411886, 4], "5": [1743557099.279468, 4], "6": [1743557099.5548372, 4], "7": [1743557099.8381798, 4], "8": [1743557100.1286342, 4], "9": [1743557100.3623657, 4], "10": [1743557100.5949237, 4]}